var,outliers,outliers_%,zeros,negatifs,limite_inf,limite_sup
dbytes,28131,16.043595051927387,84282,0,-1653.0,2755.0
spkts,24675,14.072578575461527,0,0,-13.0,27.0
sbytes,22873,13.044866859433904,0,0,-1842.0,3374.0
dpkts,20830,11.879708681939762,84282,0,-15.0,25.0
rate,17340,9.889301418379045,2969,0,-187418.0351,312450.82154000003
dur,15741,8.977364107653088,2657,0,-1.0020835000000001,1.6701605000000002
sttl,0,0.0,3162,0,-226.0,542.0
dttl,0,0.0,84372,0,-378.0,630.0
