,dur,sbytes,dbytes,spkts,dpkts,rate,sttl,dttl
dur,1.0,0.19973115313354467,0.14413377795045734,0.2545592139644737,0.1811820736514789,-0.12096639785751423,0.012195731243528152,0.044158806631087406
sbytes,0.19973115313354467,1.0,0.009925805172048033,0.9637905453658628,0.1884756897991203,-0.02846782955572802,-0.020860376154101797,0.06300870651792967
dbytes,0.14413377795045734,0.009925805172048033,1.0,0.20660854883107113,0.9719070079919281,-0.059474712054240965,-0.1355151870099393,0.023558872720887032
spkts,0.2545592139644737,0.9637905453658628,0.20660854883107113,1.0,0.3900673336427541,-0.07635848887242137,-0.10272253128231243,0.06824643498573235
dpkts,0.1811820736514789,0.1884756897991203,0.9719070079919281,0.3900673336427541,1.0,-0.09820172595073741,-0.19257972521357994,0.053860798136968556
rate,-0.12096639785751423,-0.02846782955572802,-0.059474712054240965,-0.07635848887242137,-0.09820172595073741,1.0,0.4075716659428118,-0.414545718801428
sttl,0.012195731243528152,-0.020860376154101797,-0.1355151870099393,-0.10272253128231243,-0.19257972521357994,0.4075716659428118,1.0,-0.03282339954780616
dttl,0.044158806631087406,0.06300870651792967,0.023558872720887032,0.06824643498573235,0.053860798136968556,-0.414545718801428,-0.03282339954780616,1.0
